,template_id,template_version,template_name,template_function_name,chart_type,url
0,@flourish/arc-diagram,0.0.0,arc diagram,arc_diagram,arc_diagram,https://app.flourish.studio/@flourish/arc-diagram/0.0.0#api
1,@flourish/audio,2.6.2,audio,audio,audio,https://app.flourish.studio/@flourish/audio/2.6.2#api
2,@flourish/bar-chart-race,18.9.2,bar chart race,bar_chart_race,bar_race,https://app.flourish.studio/@flourish/bar-chart-race/18.9.2#api
3,@flourish/bubble-chart,5.4.2,bubble chart,bubble_chart,bubble,https://app.flourish.studio/@flourish/bubble-chart/5.4.2#api
4,@flourish/calculator,2.8.3,calculator,calculator,calculator,https://app.flourish.studio/@flourish/calculator/2.8.3#api
5,@flourish/calendar,3.5.2,calendar,calendar,calendar,https://app.flourish.studio/@flourish/calendar/3.5.2#api
6,@flourish/cards,15.1.2,cards,cards,cards,https://app.flourish.studio/@flourish/cards/15.1.2#api
7,@flourish/chord-diagram,10.3.2,chord diagram,chord_diagram,chord_diagram,https://app.flourish.studio/@flourish/chord-diagram/10.3.2#api
8,@flourish/countdown,4.2.2,countdown,countdown,countdown,https://app.flourish.studio/@flourish/countdown/4.2.2#api
9,@flourish/draw-the-line,9.5.3,draw the line chart,draw_the_line,draw_the_line,https://app.flourish.studio/@flourish/draw-the-line/9.5.3#api
10,@flourish/election-results-chart,12.5.2,election results chart,election_results_chart,election_results,https://app.flourish.studio/@flourish/election-results-chart/12.5.2#api
11,@flourish/gantt,11.6.2,gantt chart,gantt,gantt,https://app.flourish.studio/@flourish/gantt/11.6.2#api
12,@flourish/gauge,3.3.2,gauge,gauge,gauge,https://app.flourish.studio/@flourish/gauge/3.3.2#api
13,@flourish/hierarchy,24.5.2,hierarchy,hierarchy,treemap,https://app.flourish.studio/@flourish/hierarchy/24.5.2#api
13,@flourish/hierarchy,24.5.2,hierarchy,hierarchy,circlepacking,https://app.flourish.studio/@flourish/hierarchy/24.5.2#api
13,@flourish/hierarchy,24.5.2,hierarchy,hierarchy,sunburst,https://app.flourish.studio/@flourish/hierarchy/24.5.2#api
13,@flourish/hierarchy,24.5.2,hierarchy,hierarchy,bar,https://app.flourish.studio/@flourish/hierarchy/24.5.2#api
13,@flourish/hierarchy,24.5.2,hierarchy,hierarchy,radialtree,https://app.flourish.studio/@flourish/hierarchy/24.5.2#api
18,@flourish/horserace,19.1.2,line chart race,horserace,horserace,https://app.flourish.studio/@flourish/horserace/19.1.2#api
19,@flourish/interactive-svg,9.10.3,interactive svg,interactive_svg,interactive_svg,https://app.flourish.studio/@flourish/interactive-svg/9.10.3#api
20,@flourish/line-bar-pie,38.6.4,"line, bar and pie charts",line_bar_pie,line,https://app.flourish.studio/@flourish/line-bar-pie/38.6.4#api
20,@flourish/line-bar-pie,38.6.4,"line, bar and pie charts",line_bar_pie,area_stacked,https://app.flourish.studio/@flourish/line-bar-pie/38.6.4#api
20,@flourish/line-bar-pie,38.6.4,"line, bar and pie charts",line_bar_pie,area_prop,https://app.flourish.studio/@flourish/line-bar-pie/38.6.4#api
20,@flourish/line-bar-pie,38.6.4,"line, bar and pie charts",line_bar_pie,area,https://app.flourish.studio/@flourish/line-bar-pie/38.6.4#api
20,@flourish/line-bar-pie,38.6.4,"line, bar and pie charts",line_bar_pie,area_stacked_stream,https://app.flourish.studio/@flourish/line-bar-pie/38.6.4#api
20,@flourish/line-bar-pie,38.6.4,"line, bar and pie charts",line_bar_pie,column_grouped,https://app.flourish.studio/@flourish/line-bar-pie/38.6.4#api
20,@flourish/line-bar-pie,38.6.4,"line, bar and pie charts",line_bar_pie,column_stacked,https://app.flourish.studio/@flourish/line-bar-pie/38.6.4#api
20,@flourish/line-bar-pie,38.6.4,"line, bar and pie charts",line_bar_pie,column_stacked_prop,https://app.flourish.studio/@flourish/line-bar-pie/38.6.4#api
20,@flourish/line-bar-pie,38.6.4,"line, bar and pie charts",line_bar_pie,column_waterfall,https://app.flourish.studio/@flourish/line-bar-pie/38.6.4#api
20,@flourish/line-bar-pie,38.6.4,"line, bar and pie charts",line_bar_pie,bar_grouped,https://app.flourish.studio/@flourish/line-bar-pie/38.6.4#api
20,@flourish/line-bar-pie,38.6.4,"line, bar and pie charts",line_bar_pie,bar_stacked,https://app.flourish.studio/@flourish/line-bar-pie/38.6.4#api
20,@flourish/line-bar-pie,38.6.4,"line, bar and pie charts",line_bar_pie,bar_stacked_prop,https://app.flourish.studio/@flourish/line-bar-pie/38.6.4#api
20,@flourish/line-bar-pie,38.6.4,"line, bar and pie charts",line_bar_pie,bar_waterfall,https://app.flourish.studio/@flourish/line-bar-pie/38.6.4#api
20,@flourish/line-bar-pie,38.6.4,"line, bar and pie charts",line_bar_pie,donut,https://app.flourish.studio/@flourish/line-bar-pie/38.6.4#api
20,@flourish/line-bar-pie,38.6.4,"line, bar and pie charts",line_bar_pie,column_grouped_line,https://app.flourish.studio/@flourish/line-bar-pie/38.6.4#api
20,@flourish/line-bar-pie,38.6.4,"line, bar and pie charts",line_bar_pie,column_stacked_line,https://app.flourish.studio/@flourish/line-bar-pie/38.6.4#api
20,@flourish/line-bar-pie,38.6.4,"line, bar and pie charts",line_bar_pie,column_stacked_prop_line,https://app.flourish.studio/@flourish/line-bar-pie/38.6.4#api
20,@flourish/line-bar-pie,38.6.4,"line, bar and pie charts",line_bar_pie,area_stacked_line,https://app.flourish.studio/@flourish/line-bar-pie/38.6.4#api
20,@flourish/line-bar-pie,38.6.4,"line, bar and pie charts",line_bar_pie,line_line,https://app.flourish.studio/@flourish/line-bar-pie/38.6.4#api
39,@flourish/marimekko,6.4.4,marimekko,marimekko,marimekko,https://app.flourish.studio/@flourish/marimekko/6.4.4#api
40,@flourish/network-graph,16.4.2,network graph,network_graph,network,https://app.flourish.studio/@flourish/network-graph/16.4.2#api
41,@flourish/number-ticker,2.6.2,number ticker,number_ticker,number_ticker,https://app.flourish.studio/@flourish/number-ticker/2.6.2#api
42,@flourish/parliament-chart,10.3.2,parliament chart,parliament_chart,parliament,https://app.flourish.studio/@flourish/parliament-chart/10.3.2#api
43,@flourish/photo-slider,5.8.2,photo slider,photo_slider,photo_slider,https://app.flourish.studio/@flourish/photo-slider/5.8.2#api
44,@flourish/pictogram,8.5.2,pictogram,pictogram,pictogram,https://app.flourish.studio/@flourish/pictogram/8.5.2#api
45,@flourish/quiz,8.10.2,quiz,quiz,quiz,https://app.flourish.studio/@flourish/quiz/8.10.2#api
46,@flourish/radar,6.4.2,radar chart,radar,radar,https://app.flourish.studio/@flourish/radar/6.4.2#api
47,@flourish/sankey,12.4.2,sankey diagram,sankey,sankey,https://app.flourish.studio/@flourish/sankey/12.4.2#api
48,@flourish/scatter,33.6.3,scatter,scatter,scatter,https://app.flourish.studio/@flourish/scatter/33.6.3#api
49,@flourish/slope-chart,16.5.2,slope chart,slope_chart,slope,https://app.flourish.studio/@flourish/slope-chart/16.5.2#api
50,@flourish/sports,11.5.2,sports,sports,sports,https://app.flourish.studio/@flourish/sports/11.5.2#api
51,@flourish/sports-race,4.4.2,sports race,sports_race,sports_race,https://app.flourish.studio/@flourish/sports-race/4.4.2#api
52,@flourish/survey,18.4.2,survey,survey,survey,https://app.flourish.studio/@flourish/survey/18.4.2#api
53,@flourish/svg-annotator,6.0.2,svg annotator,svg_annotator,svg_annotator,https://app.flourish.studio/@flourish/svg-annotator/6.0.2#api
54,@flourish/table,21.6.2,table,table,table,https://app.flourish.studio/@flourish/table/21.6.2#api
55,@flourish/text-annotator,4.6.3,text annotator,text_annotator,text_annotator,https://app.flourish.studio/@flourish/text-annotator/4.6.3#api
56,@flourish/timeline,5.5.3,timeline,timeline,timeline,https://app.flourish.studio/@flourish/timeline/5.5.3#api
57,@flourish/tournament,2.10.2,tournament,tournament,tournament,https://app.flourish.studio/@flourish/tournament/2.10.2#api
58,@flourish/word-cloud,5.3.2,word cloud,word_cloud,word_cloud,https://app.flourish.studio/@flourish/word-cloud/5.3.2#api
